{
  "filename": "20260203_131525_5f087af1_40.png",
  "timestamp": "2026-02-03 13:15:27",
  "image_size": [
    512,
    512,
    3
  ],
  "total_pixels": 262144,
  "bone_parts": {
    "part_1": {
      "pixels": 480,
      "percentage": 0.18310546875
    },
    "part_2": {
      "pixels": 1452,
      "percentage": 0.55389404296875
    },
    "part_3": {
      "pixels": 1404,
      "percentage": 0.53558349609375
    },
    "part_4": {
      "pixels": 488,
      "percentage": 0.1861572265625
    },
    "part_5": {
      "pixels": 2968,
      "percentage": 1.1322021484375
    },
    "part_6": {
      "pixels": 2068,
      "percentage": 0.78887939453125
    },
    "part_7": {
      "pixels": 2132,
      "percentage": 0.81329345703125
    },
    "part_8": {
      "pixels": 1580,
      "percentage": 0.60272216796875
    }
  },
  "summary": {
    "background_percentage": 95.20416259765625,
    "bone_pixels": 12572,
    "bone_percentage": 4.79583740234375,
    "num_bone_parts": 8
  }
}